{
  "version": 1,
  "author": "Juan Ignacio Valencia",
  "editor": "wokwi",
  "parts": [
    { "type": "wokwi-breadboard-mini", "id": "bb1", "top": 56.2, "left": 122.4, "attrs": {} },
    { "type": "board-esp32-devkit-c-v4", "id": "esp", "top": 0, "left": -4.76, "attrs": {} },
    {
      "type": "wokwi-dht22",
      "id": "dht1",
      "top": -57.3,
      "left": -111,
      "attrs": { "temperature": "33.9", "humidity": "22.5" }
    },
    {
      "type": "wokwi-led",
      "id": "led1",
      "top": 25.2,
      "left": 128.6,
      "attrs": { "color": "blue" }
    },
    {
      "type": "wokwi-pushbutton",
      "id": "btn1",
      "top": 86,
      "left": 198.8,
      "rotate": 270,
      "attrs": { "color": "green", "xray": "1" }
    }
  ],
  "connections": [
    [ "esp:TX", "$serialMonitor:RX", "", [] ],
    [ "esp:RX", "$serialMonitor:TX", "", [] ],
    [ "esp:3V3", "dht1:VCC", "red", [ "h-33.41", "v57.6", "h-67.2" ] ],
    [ "dht1:GND", "esp:GND.1", "black", [ "v0" ] ],
    [ "dht1:SDA", "esp:D2", "green", [ "v0" ] ],
    [ "esp:GND.3", "bb1:2t.c", "black", [ "h0" ] ],
    [ "esp:4", "bb1:12b.j", "orange", [ "h19.2", "v48", "h124.8" ] ],
    [ "bb1:2t.e", "bb1:10b.j", "black", [ "v0" ] ],
    [ "esp:2", "bb1:3t.e", "green", [ "h38.4", "v-38.4", "h19.2" ] ],
    [ "led1:A", "bb1:3t.a", "", [ "$bb" ] ],
    [ "led1:C", "bb1:2t.a", "", [ "$bb" ] ],
    [ "btn1:1.l", "bb1:10b.g", "", [ "$bb" ] ],
    [ "btn1:2.l", "bb1:12b.g", "", [ "$bb" ] ],
    [ "btn1:1.r", "bb1:10t.b", "", [ "$bb" ] ],
    [ "btn1:2.r", "bb1:12t.b", "", [ "$bb" ] ]
  ],
  "dependencies": {}
}